{"minzoom":0,"maxzoom":9,"center":[35.507813,32.249488,9.0],"bounds":[34.957478,29.189165,39.305199,33.37973]}