{"minzoom":0,"maxzoom":8,"center":[35.859375,32.544857,8.0],"bounds":[34.957478,29.189165,39.305199,33.37973]}